id,child_id,last_name,first_name,last_name_kana,first_name_kana,relationship,phone,workplace,workplace_address,workplace_phone,order
1,81,青木,真由美,アオキ,マユミ,母,090-0001-0001,青空デザイン,東京都サンプル区勤務先2-2-1,03-1000-0001,1
2,81,青木,直樹,アオキ,ナオキ,父,090-0002-0001,さくら物流,東京都サンプル区勤務先4-2-2,03-2000-0001,2
3,37,青木,真由美,アオキ,マユミ,母,090-0001-0001,青空デザイン,東京都サンプル区勤務先2-2-1,03-1000-0001,1
4,37,青木,直樹,アオキ,ナオキ,父,090-0002-0001,さくら物流,東京都サンプル区勤務先4-2-2,03-2000-0001,2
5,82,石井,彩,イシイ,アヤ,母,090-0001-0002,みどり食品,東京都サンプル区勤務先3-3-1,03-1000-0002,1
6,82,石井,学,イシイ,マナブ,父,090-0002-0002,若葉建設,東京都サンプル区勤務先5-3-2,03-2000-0002,2
7,19,石井,彩,イシイ,アヤ,母,090-0001-0002,みどり食品,東京都サンプル区勤務先3-3-1,03-1000-0002,1
8,19,石井,学,イシイ,マナブ,父,090-0002-0002,若葉建設,東京都サンプル区勤務先5-3-2,03-2000-0002,2
9,59,井上,奈々,イノウエ,ナナ,母,090-0001-0003,架空システム,東京都サンプル区勤務先4-4-1,03-1000-0003,1
10,59,井上,大輔,イノウエ,ダイスケ,父,090-0002-0003,ひかり薬局,東京都サンプル区勤務先6-4-2,03-2000-0003,2
11,20,井上,奈々,イノウエ,ナナ,母,090-0001-0003,架空システム,東京都サンプル区勤務先4-4-1,03-1000-0003,1
12,20,井上,大輔,イノウエ,ダイスケ,父,090-0002-0003,ひかり薬局,東京都サンプル区勤務先6-4-2,03-2000-0003,2
13,60,遠藤,美穂,エンドウ,ミホ,母,090-0001-0004,北町クリニック,東京都サンプル区勤務先5-5-1,03-1000-0004,1
14,60,遠藤,拓也,エンドウ,タクヤ,父,090-0002-0004,東都サービス,東京都サンプル区勤務先7-5-2,03-2000-0004,2
15,7,遠藤,美穂,エンドウ,ミホ,母,090-0001-0004,北町クリニック,東京都サンプル区勤務先5-5-1,03-1000-0004,1
16,7,遠藤,拓也,エンドウ,タクヤ,父,090-0002-0004,東都サービス,東京都サンプル区勤務先7-5-2,03-2000-0004,2
17,38,岡田,真由美,オカダ,マユミ,母,090-0001-0005,さくら物流,東京都サンプル区勤務先6-6-1,03-1000-0005,1
18,38,岡田,航,オカダ,ワタル,父,090-0002-0005,つばめ銀行,東京都サンプル区勤務先3-6-2,03-2000-0005,2
19,8,岡田,真由美,オカダ,マユミ,母,090-0001-0005,さくら物流,東京都サンプル区勤務先6-6-1,03-1000-0005,1
20,8,岡田,航,オカダ,ワタル,父,090-0002-0005,つばめ銀行,東京都サンプル区勤務先3-6-2,03-2000-0005,2
21,39,小川,彩,オガワ,アヤ,母,090-0001-0006,若葉建設,東京都サンプル区勤務先7-7-1,03-1000-0006,1
22,39,小川,誠,オガワ,マコト,父,090-0002-0006,サンプル商事,東京都サンプル区勤務先4-7-2,03-2000-0006,2
23,1,小川,彩,オガワ,アヤ,母,090-0001-0006,若葉建設,東京都サンプル区勤務先7-7-1,03-1000-0006,1
24,1,小川,誠,オガワ,マコト,父,090-0002-0006,サンプル商事,東京都サンプル区勤務先4-7-2,03-2000-0006,2
25,21,加藤,奈々,カトウ,ナナ,母,090-0001-0007,ひかり薬局,東京都サンプル区勤務先1-8-1,03-1000-0007,1
26,21,加藤,亮,カトウ,リョウ,父,090-0002-0007,青空デザイン,東京都サンプル区勤務先5-8-2,03-2000-0007,2
27,2,加藤,奈々,カトウ,ナナ,母,090-0001-0007,ひかり薬局,東京都サンプル区勤務先1-8-1,03-1000-0007,1
28,2,加藤,亮,カトウ,リョウ,父,090-0002-0007,青空デザイン,東京都サンプル区勤務先5-8-2,03-2000-0007,2
29,61,木村,美穂,キムラ,ミホ,母,090-0001-0008,東都サービス,東京都サンプル区勤務先2-9-1,03-1000-0008,1
30,61,木村,健一,キムラ,ケンイチ,父,090-0002-0008,みどり食品,東京都サンプル区勤務先6-9-2,03-2000-0008,2
31,3,木村,美穂,キムラ,ミホ,母,090-0001-0008,東都サービス,東京都サンプル区勤務先2-9-1,03-1000-0008,1
32,3,木村,健一,キムラ,ケンイチ,父,090-0002-0008,みどり食品,東京都サンプル区勤務先6-9-2,03-2000-0008,2
33,83,小林,真由美,コバヤシ,マユミ,母,090-0001-0009,つばめ銀行,東京都サンプル区勤務先3-10-1,03-1000-0009,1
34,83,小林,直樹,コバヤシ,ナオキ,父,090-0002-0009,架空システム,東京都サンプル区勤務先7-10-2,03-2000-0009,2
35,83,小林,洋子,コバヤシ,ヨウコ,祖母,090-0003-0009,,,,3
36,40,小林,真由美,コバヤシ,マユミ,母,090-0001-0009,つばめ銀行,東京都サンプル区勤務先3-10-1,03-1000-0009,1
37,40,小林,直樹,コバヤシ,ナオキ,父,090-0002-0009,架空システム,東京都サンプル区勤務先7-10-2,03-2000-0009,2
38,40,小林,洋子,コバヤシ,ヨウコ,祖母,090-0003-0009,,,,3
39,84,斎藤,彩,サイトウ,アヤ,母,090-0001-0010,サンプル商事,東京都サンプル区勤務先4-11-1,03-1000-0010,1
40,84,斎藤,学,サイトウ,マナブ,父,090-0002-0010,北町クリニック,東京都サンプル区勤務先3-11-2,03-2000-0010,2
41,22,斎藤,彩,サイトウ,アヤ,母,090-0001-0010,サンプル商事,東京都サンプル区勤務先4-11-1,03-1000-0010,1
42,22,斎藤,学,サイトウ,マナブ,父,090-0002-0010,北町クリニック,東京都サンプル区勤務先3-11-2,03-2000-0010,2
43,62,佐々木,奈々,ササキ,ナナ,母,090-0001-0011,青空デザイン,東京都サンプル区勤務先5-1-1,03-1000-0011,1
44,62,佐々木,大輔,ササキ,ダイスケ,父,090-0002-0011,さくら物流,東京都サンプル区勤務先4-12-2,03-2000-0011,2
45,23,佐々木,奈々,ササキ,ナナ,母,090-0001-0011,青空デザイン,東京都サンプル区勤務先5-1-1,03-1000-0011,1
46,23,佐々木,大輔,ササキ,ダイスケ,父,090-0002-0011,さくら物流,東京都サンプル区勤務先4-12-2,03-2000-0011,2
47,63,佐藤,美穂,サトウ,ミホ,母,090-0001-0012,みどり食品,東京都サンプル区勤務先6-2-1,03-1000-0012,1
48,63,佐藤,拓也,サトウ,タクヤ,父,090-0002-0012,若葉建設,東京都サンプル区勤務先5-13-2,03-2000-0012,2
49,9,佐藤,美穂,サトウ,ミホ,母,090-0001-0012,みどり食品,東京都サンプル区勤務先6-2-1,03-1000-0012,1
50,9,佐藤,拓也,サトウ,タクヤ,父,090-0002-0012,若葉建設,東京都サンプル区勤務先5-13-2,03-2000-0012,2
51,41,清水,真由美,シミズ,マユミ,母,090-0001-0013,架空システム,東京都サンプル区勤務先7-3-1,03-1000-0013,1
52,41,清水,航,シミズ,ワタル,父,090-0002-0013,ひかり薬局,東京都サンプル区勤務先6-1-2,03-2000-0013,2
53,10,清水,真由美,シミズ,マユミ,母,090-0001-0013,架空システム,東京都サンプル区勤務先7-3-1,03-1000-0013,1
54,10,清水,航,シミズ,ワタル,父,090-0002-0013,ひかり薬局,東京都サンプル区勤務先6-1-2,03-2000-0013,2
55,42,鈴木,彩,スズキ,アヤ,母,090-0001-0014,北町クリニック,東京都サンプル区勤務先1-4-1,03-1000-0014,1
56,42,鈴木,誠,スズキ,マコト,父,090-0002-0014,東都サービス,東京都サンプル区勤務先7-2-2,03-2000-0014,2
57,4,鈴木,彩,スズキ,アヤ,母,090-0001-0014,北町クリニック,東京都サンプル区勤務先1-4-1,03-1000-0014,1
58,4,鈴木,誠,スズキ,マコト,父,090-0002-0014,東都サービス,東京都サンプル区勤務先7-2-2,03-2000-0014,2
59,24,高橋,奈々,タカハシ,ナナ,母,090-0001-0015,さくら物流,東京都サンプル区勤務先2-5-1,03-1000-0015,1
60,24,高橋,亮,タカハシ,リョウ,父,090-0002-0015,つばめ銀行,東京都サンプル区勤務先3-3-2,03-2000-0015,2
61,5,高橋,奈々,タカハシ,ナナ,母,090-0001-0015,さくら物流,東京都サンプル区勤務先2-5-1,03-1000-0015,1
62,5,高橋,亮,タカハシ,リョウ,父,090-0002-0015,つばめ銀行,東京都サンプル区勤務先3-3-2,03-2000-0015,2
63,64,田中,美穂,タナカ,ミホ,母,090-0001-0016,若葉建設,東京都サンプル区勤務先3-6-1,03-1000-0016,1
64,64,田中,健一,タナカ,ケンイチ,父,090-0002-0016,サンプル商事,東京都サンプル区勤務先4-4-2,03-2000-0016,2
65,6,田中,美穂,タナカ,ミホ,母,090-0001-0016,若葉建設,東京都サンプル区勤務先3-6-1,03-1000-0016,1
66,6,田中,健一,タナカ,ケンイチ,父,090-0002-0016,サンプル商事,東京都サンプル区勤務先4-4-2,03-2000-0016,2
67,11,中村,真由美,ナカムラ,マユミ,母,090-0001-0017,ひかり薬局,東京都サンプル区勤務先4-7-1,03-1000-0017,1
68,11,中村,直樹,ナカムラ,ナオキ,父,090-0002-0017,青空デザイン,東京都サンプル区勤務先5-5-2,03-2000-0017,2
69,12,橋本,彩,ハシモト,アヤ,母,090-0001-0018,東都サービス,東京都サンプル区勤務先5-8-1,03-1000-0018,1
70,12,橋本,学,ハシモト,マナブ,父,090-0002-0018,みどり食品,東京都サンプル区勤務先6-6-2,03-2000-0018,2
71,12,橋本,節子,ハシモト,セツコ,祖母,090-0003-0018,,,,3
72,13,林,奈々,ハヤシ,ナナ,母,090-0001-0019,つばめ銀行,東京都サンプル区勤務先6-9-1,03-1000-0019,1
73,13,林,大輔,ハヤシ,ダイスケ,父,090-0002-0019,架空システム,東京都サンプル区勤務先7-7-2,03-2000-0019,2
74,14,藤井,美穂,フジイ,ミホ,母,090-0001-0020,サンプル商事,東京都サンプル区勤務先7-10-1,03-1000-0020,1
75,14,藤井,拓也,フジイ,タクヤ,父,090-0002-0020,北町クリニック,東京都サンプル区勤務先3-8-2,03-2000-0020,2
76,15,松本,真由美,マツモト,マユミ,母,090-0001-0021,青空デザイン,東京都サンプル区勤務先1-11-1,03-1000-0021,1
77,15,松本,航,マツモト,ワタル,父,090-0002-0021,さくら物流,東京都サンプル区勤務先4-9-2,03-2000-0021,2
78,16,三浦,彩,ミウラ,アヤ,母,090-0001-0022,みどり食品,東京都サンプル区勤務先2-1-1,03-1000-0022,1
79,16,三浦,誠,ミウラ,マコト,父,090-0002-0022,若葉建設,東京都サンプル区勤務先5-10-2,03-2000-0022,2
80,17,森,奈々,モリ,ナナ,母,090-0001-0023,架空システム,東京都サンプル区勤務先3-2-1,03-1000-0023,1
81,17,森,亮,モリ,リョウ,父,090-0002-0023,ひかり薬局,東京都サンプル区勤務先6-11-2,03-2000-0023,2
82,18,山口,美穂,ヤマグチ,ミホ,母,090-0001-0024,北町クリニック,東京都サンプル区勤務先4-3-1,03-1000-0024,1
83,18,山口,健一,ヤマグチ,ケンイチ,父,090-0002-0024,東都サービス,東京都サンプル区勤務先7-12-2,03-2000-0024,2
84,25,山田,真由美,ヤマダ,マユミ,母,090-0001-0025,さくら物流,東京都サンプル区勤務先5-4-1,03-1000-0025,1
85,25,山田,直樹,ヤマダ,ナオキ,父,090-0002-0025,つばめ銀行,東京都サンプル区勤務先3-13-2,03-2000-0025,2
86,26,吉田,彩,ヨシダ,アヤ,母,090-0001-0026,若葉建設,東京都サンプル区勤務先6-5-1,03-1000-0026,1
87,26,吉田,学,ヨシダ,マナブ,父,090-0002-0026,サンプル商事,東京都サンプル区勤務先4-1-2,03-2000-0026,2
88,27,渡辺,奈々,ワタナベ,ナナ,母,090-0001-0027,ひかり薬局,東京都サンプル区勤務先7-6-1,03-1000-0027,1
89,27,渡辺,大輔,ワタナベ,ダイスケ,父,090-0002-0027,青空デザイン,東京都サンプル区勤務先5-2-2,03-2000-0027,2
90,27,渡辺,雅人,ワタナベ,マサト,祖母,090-0003-0027,,,,3
91,28,長谷川,美穂,ハセガワ,ミホ,母,090-0001-0028,東都サービス,東京都サンプル区勤務先1-7-1,03-1000-0028,1
92,28,長谷川,拓也,ハセガワ,タクヤ,父,090-0002-0028,みどり食品,東京都サンプル区勤務先6-3-2,03-2000-0028,2
93,29,近藤,真由美,コンドウ,マユミ,母,090-0001-0029,つばめ銀行,東京都サンプル区勤務先2-8-1,03-1000-0029,1
94,29,近藤,航,コンドウ,ワタル,父,090-0002-0029,架空システム,東京都サンプル区勤務先7-4-2,03-2000-0029,2
95,30,村上,彩,ムラカミ,アヤ,母,090-0001-0030,サンプル商事,東京都サンプル区勤務先3-9-1,03-1000-0030,1
96,30,村上,誠,ムラカミ,マコト,父,090-0002-0030,北町クリニック,東京都サンプル区勤務先3-5-2,03-2000-0030,2
97,31,青木,奈々,アオキ,ナナ,母,090-0001-0031,青空デザイン,東京都サンプル区勤務先4-10-1,03-1000-0031,1
98,31,青木,亮,アオキ,リョウ,父,090-0002-0031,さくら物流,東京都サンプル区勤務先4-6-2,03-2000-0031,2
99,32,石井,美穂,イシイ,ミホ,母,090-0001-0032,みどり食品,東京都サンプル区勤務先5-11-1,03-1000-0032,1
100,32,石井,健一,イシイ,ケンイチ,父,090-0002-0032,若葉建設,東京都サンプル区勤務先5-7-2,03-2000-0032,2
101,33,井上,真由美,イノウエ,マユミ,母,090-0001-0033,架空システム,東京都サンプル区勤務先6-1-1,03-1000-0033,1
102,33,井上,直樹,イノウエ,ナオキ,父,090-0002-0033,ひかり薬局,東京都サンプル区勤務先6-8-2,03-2000-0033,2
103,34,遠藤,彩,エンドウ,アヤ,母,090-0001-0034,北町クリニック,東京都サンプル区勤務先7-2-1,03-1000-0034,1
104,34,遠藤,学,エンドウ,マナブ,父,090-0002-0034,東都サービス,東京都サンプル区勤務先7-9-2,03-2000-0034,2
105,35,岡田,奈々,オカダ,ナナ,母,090-0001-0035,さくら物流,東京都サンプル区勤務先1-3-1,03-1000-0035,1
106,35,岡田,大輔,オカダ,ダイスケ,父,090-0002-0035,つばめ銀行,東京都サンプル区勤務先3-10-2,03-2000-0035,2
107,36,小川,美穂,オガワ,ミホ,母,090-0001-0036,若葉建設,東京都サンプル区勤務先2-4-1,03-1000-0036,1
108,36,小川,拓也,オガワ,タクヤ,父,090-0002-0036,サンプル商事,東京都サンプル区勤務先4-11-2,03-2000-0036,2
109,36,小川,和子,オガワ,カズコ,祖母,090-0003-0036,,,,3
110,43,加藤,真由美,カトウ,マユミ,母,090-0001-0037,ひかり薬局,東京都サンプル区勤務先3-5-1,03-1000-0037,1
111,43,加藤,航,カトウ,ワタル,父,090-0002-0037,青空デザイン,東京都サンプル区勤務先5-12-2,03-2000-0037,2
112,44,木村,彩,キムラ,アヤ,母,090-0001-0038,東都サービス,東京都サンプル区勤務先4-6-1,03-1000-0038,1
113,44,木村,誠,キムラ,マコト,父,090-0002-0038,みどり食品,東京都サンプル区勤務先6-13-2,03-2000-0038,2
114,45,小林,奈々,コバヤシ,ナナ,母,090-0001-0039,つばめ銀行,東京都サンプル区勤務先5-7-1,03-1000-0039,1
115,45,小林,亮,コバヤシ,リョウ,父,090-0002-0039,架空システム,東京都サンプル区勤務先7-1-2,03-2000-0039,2
116,46,斎藤,美穂,サイトウ,ミホ,母,090-0001-0040,サンプル商事,東京都サンプル区勤務先6-8-1,03-1000-0040,1
117,46,斎藤,健一,サイトウ,ケンイチ,父,090-0002-0040,北町クリニック,東京都サンプル区勤務先3-2-2,03-2000-0040,2
118,47,佐々木,真由美,ササキ,マユミ,母,090-0001-0041,青空デザイン,東京都サンプル区勤務先7-9-1,03-1000-0041,1
119,47,佐々木,直樹,ササキ,ナオキ,父,090-0002-0041,さくら物流,東京都サンプル区勤務先4-3-2,03-2000-0041,2
120,48,佐藤,彩,サトウ,アヤ,母,090-0001-0042,みどり食品,東京都サンプル区勤務先1-10-1,03-1000-0042,1
121,48,佐藤,学,サトウ,マナブ,父,090-0002-0042,若葉建設,東京都サンプル区勤務先5-4-2,03-2000-0042,2
122,49,清水,奈々,シミズ,ナナ,母,090-0001-0043,架空システム,東京都サンプル区勤務先2-11-1,03-1000-0043,1
123,49,清水,大輔,シミズ,ダイスケ,父,090-0002-0043,ひかり薬局,東京都サンプル区勤務先6-5-2,03-2000-0043,2
124,50,鈴木,美穂,スズキ,ミホ,母,090-0001-0044,北町クリニック,東京都サンプル区勤務先3-1-1,03-1000-0044,1
125,50,鈴木,拓也,スズキ,タクヤ,父,090-0002-0044,東都サービス,東京都サンプル区勤務先7-6-2,03-2000-0044,2
126,51,高橋,真由美,タカハシ,マユミ,母,090-0001-0045,さくら物流,東京都サンプル区勤務先4-2-1,03-1000-0045,1
127,51,高橋,航,タカハシ,ワタル,父,090-0002-0045,つばめ銀行,東京都サンプル区勤務先3-7-2,03-2000-0045,2
128,51,高橋,洋子,タカハシ,ヨウコ,祖母,090-0003-0045,,,,3
129,52,田中,彩,タナカ,アヤ,母,090-0001-0046,若葉建設,東京都サンプル区勤務先5-3-1,03-1000-0046,1
130,52,田中,誠,タナカ,マコト,父,090-0002-0046,サンプル商事,東京都サンプル区勤務先4-8-2,03-2000-0046,2
131,53,中村,奈々,ナカムラ,ナナ,母,090-0001-0047,ひかり薬局,東京都サンプル区勤務先6-4-1,03-1000-0047,1
132,53,中村,亮,ナカムラ,リョウ,父,090-0002-0047,青空デザイン,東京都サンプル区勤務先5-9-2,03-2000-0047,2
133,54,橋本,美穂,ハシモト,ミホ,母,090-0001-0048,東都サービス,東京都サンプル区勤務先7-5-1,03-1000-0048,1
134,54,橋本,健一,ハシモト,ケンイチ,父,090-0002-0048,みどり食品,東京都サンプル区勤務先6-10-2,03-2000-0048,2
135,55,林,真由美,ハヤシ,マユミ,母,090-0001-0049,つばめ銀行,東京都サンプル区勤務先1-6-1,03-1000-0049,1
136,55,林,直樹,ハヤシ,ナオキ,父,090-0002-0049,架空システム,東京都サンプル区勤務先7-11-2,03-2000-0049,2
137,56,藤井,彩,フジイ,アヤ,母,090-0001-0050,サンプル商事,東京都サンプル区勤務先2-7-1,03-1000-0050,1
138,56,藤井,学,フジイ,マナブ,父,090-0002-0050,北町クリニック,東京都サンプル区勤務先3-12-2,03-2000-0050,2
139,57,松本,奈々,マツモト,ナナ,母,090-0001-0051,青空デザイン,東京都サンプル区勤務先3-8-1,03-1000-0051,1
140,57,松本,大輔,マツモト,ダイスケ,父,090-0002-0051,さくら物流,東京都サンプル区勤務先4-13-2,03-2000-0051,2
141,58,三浦,美穂,ミウラ,ミホ,母,090-0001-0052,みどり食品,東京都サンプル区勤務先4-9-1,03-1000-0052,1
142,58,三浦,拓也,ミウラ,タクヤ,父,090-0002-0052,若葉建設,東京都サンプル区勤務先5-1-2,03-2000-0052,2
143,65,森,真由美,モリ,マユミ,母,090-0001-0053,架空システム,東京都サンプル区勤務先5-10-1,03-1000-0053,1
144,65,森,航,モリ,ワタル,父,090-0002-0053,ひかり薬局,東京都サンプル区勤務先6-2-2,03-2000-0053,2
145,66,山口,彩,ヤマグチ,アヤ,母,090-0001-0054,北町クリニック,東京都サンプル区勤務先6-11-1,03-1000-0054,1
146,66,山口,誠,ヤマグチ,マコト,父,090-0002-0054,東都サービス,東京都サンプル区勤務先7-3-2,03-2000-0054,2
147,66,山口,節子,ヤマグチ,セツコ,祖母,090-0003-0054,,,,3
148,67,山田,奈々,ヤマダ,ナナ,母,090-0001-0055,さくら物流,東京都サンプル区勤務先7-1-1,03-1000-0055,1
149,67,山田,亮,ヤマダ,リョウ,父,090-0002-0055,つばめ銀行,東京都サンプル区勤務先3-4-2,03-2000-0055,2
150,68,吉田,美穂,ヨシダ,ミホ,母,090-0001-0056,若葉建設,東京都サンプル区勤務先1-2-1,03-1000-0056,1
151,68,吉田,健一,ヨシダ,ケンイチ,父,090-0002-0056,サンプル商事,東京都サンプル区勤務先4-5-2,03-2000-0056,2
152,69,渡辺,真由美,ワタナベ,マユミ,母,090-0001-0057,ひかり薬局,東京都サンプル区勤務先2-3-1,03-1000-0057,1
153,69,渡辺,直樹,ワタナベ,ナオキ,父,090-0002-0057,青空デザイン,東京都サンプル区勤務先5-6-2,03-2000-0057,2
154,70,長谷川,彩,ハセガワ,アヤ,母,090-0001-0058,東都サービス,東京都サンプル区勤務先3-4-1,03-1000-0058,1
155,70,長谷川,学,ハセガワ,マナブ,父,090-0002-0058,みどり食品,東京都サンプル区勤務先6-7-2,03-2000-0058,2
156,71,近藤,奈々,コンドウ,ナナ,母,090-0001-0059,つばめ銀行,東京都サンプル区勤務先4-5-1,03-1000-0059,1
157,71,近藤,大輔,コンドウ,ダイスケ,父,090-0002-0059,架空システム,東京都サンプル区勤務先7-8-2,03-2000-0059,2
158,72,村上,美穂,ムラカミ,ミホ,母,090-0001-0060,サンプル商事,東京都サンプル区勤務先5-6-1,03-1000-0060,1
159,72,村上,拓也,ムラカミ,タクヤ,父,090-0002-0060,北町クリニック,東京都サンプル区勤務先3-9-2,03-2000-0060,2
160,73,青木,真由美,アオキ,マユミ,母,090-0001-0061,青空デザイン,東京都サンプル区勤務先6-7-1,03-1000-0061,1
161,73,青木,航,アオキ,ワタル,父,090-0002-0061,さくら物流,東京都サンプル区勤務先4-10-2,03-2000-0061,2
162,74,石井,彩,イシイ,アヤ,母,090-0001-0062,みどり食品,東京都サンプル区勤務先7-8-1,03-1000-0062,1
163,74,石井,誠,イシイ,マコト,父,090-0002-0062,若葉建設,東京都サンプル区勤務先5-11-2,03-2000-0062,2
164,75,井上,奈々,イノウエ,ナナ,母,090-0001-0063,架空システム,東京都サンプル区勤務先1-9-1,03-1000-0063,1
165,75,井上,亮,イノウエ,リョウ,父,090-0002-0063,ひかり薬局,東京都サンプル区勤務先6-12-2,03-2000-0063,2
166,75,井上,雅人,イノウエ,マサト,祖母,090-0003-0063,,,,3
167,76,遠藤,美穂,エンドウ,ミホ,母,090-0001-0064,北町クリニック,東京都サンプル区勤務先2-10-1,03-1000-0064,1
168,76,遠藤,健一,エンドウ,ケンイチ,父,090-0002-0064,東都サービス,東京都サンプル区勤務先7-13-2,03-2000-0064,2
169,77,岡田,真由美,オカダ,マユミ,母,090-0001-0065,さくら物流,東京都サンプル区勤務先3-11-1,03-1000-0065,1
170,77,岡田,直樹,オカダ,ナオキ,父,090-0002-0065,つばめ銀行,東京都サンプル区勤務先3-1-2,03-2000-0065,2
171,78,小川,彩,オガワ,アヤ,母,090-0001-0066,若葉建設,東京都サンプル区勤務先4-1-1,03-1000-0066,1
172,78,小川,学,オガワ,マナブ,父,090-0002-0066,サンプル商事,東京都サンプル区勤務先4-2-2,03-2000-0066,2
173,79,加藤,奈々,カトウ,ナナ,母,090-0001-0067,ひかり薬局,東京都サンプル区勤務先5-2-1,03-1000-0067,1
174,79,加藤,大輔,カトウ,ダイスケ,父,090-0002-0067,青空デザイン,東京都サンプル区勤務先5-3-2,03-2000-0067,2
175,80,木村,美穂,キムラ,ミホ,母,090-0001-0068,東都サービス,東京都サンプル区勤務先6-3-1,03-1000-0068,1
176,80,木村,拓也,キムラ,タクヤ,父,090-0002-0068,みどり食品,東京都サンプル区勤務先6-4-2,03-2000-0068,2
177,85,小林,真由美,コバヤシ,マユミ,母,090-0001-0069,つばめ銀行,東京都サンプル区勤務先7-4-1,03-1000-0069,1
178,85,小林,航,コバヤシ,ワタル,父,090-0002-0069,架空システム,東京都サンプル区勤務先7-5-2,03-2000-0069,2
179,86,斎藤,彩,サイトウ,アヤ,母,090-0001-0070,サンプル商事,東京都サンプル区勤務先1-5-1,03-1000-0070,1
180,86,斎藤,誠,サイトウ,マコト,父,090-0002-0070,北町クリニック,東京都サンプル区勤務先3-6-2,03-2000-0070,2
181,87,佐々木,奈々,ササキ,ナナ,母,090-0001-0071,青空デザイン,東京都サンプル区勤務先2-6-1,03-1000-0071,1
182,87,佐々木,亮,ササキ,リョウ,父,090-0002-0071,さくら物流,東京都サンプル区勤務先4-7-2,03-2000-0071,2
183,88,佐藤,美穂,サトウ,ミホ,母,090-0001-0072,みどり食品,東京都サンプル区勤務先3-7-1,03-1000-0072,1
184,88,佐藤,健一,サトウ,ケンイチ,父,090-0002-0072,若葉建設,東京都サンプル区勤務先5-8-2,03-2000-0072,2
185,88,佐藤,和子,サトウ,カズコ,祖母,090-0003-0072,,,,3
186,89,清水,真由美,シミズ,マユミ,母,090-0001-0073,架空システム,東京都サンプル区勤務先4-8-1,03-1000-0073,1
187,89,清水,直樹,シミズ,ナオキ,父,090-0002-0073,ひかり薬局,東京都サンプル区勤務先6-9-2,03-2000-0073,2
188,90,鈴木,彩,スズキ,アヤ,母,090-0001-0074,北町クリニック,東京都サンプル区勤務先5-9-1,03-1000-0074,1
189,90,鈴木,学,スズキ,マナブ,父,090-0002-0074,東都サービス,東京都サンプル区勤務先7-10-2,03-2000-0074,2
190,91,高橋,奈々,タカハシ,ナナ,母,090-0001-0075,さくら物流,東京都サンプル区勤務先6-10-1,03-1000-0075,1
191,91,高橋,大輔,タカハシ,ダイスケ,父,090-0002-0075,つばめ銀行,東京都サンプル区勤務先3-11-2,03-2000-0075,2
192,92,田中,美穂,タナカ,ミホ,母,090-0001-0076,若葉建設,東京都サンプル区勤務先7-11-1,03-1000-0076,1
193,92,田中,拓也,タナカ,タクヤ,父,090-0002-0076,サンプル商事,東京都サンプル区勤務先4-12-2,03-2000-0076,2
194,93,中村,真由美,ナカムラ,マユミ,母,090-0001-0077,ひかり薬局,東京都サンプル区勤務先1-1-1,03-1000-0077,1
195,93,中村,航,ナカムラ,ワタル,父,090-0002-0077,青空デザイン,東京都サンプル区勤務先5-13-2,03-2000-0077,2
196,94,橋本,彩,ハシモト,アヤ,母,090-0001-0078,東都サービス,東京都サンプル区勤務先2-2-1,03-1000-0078,1
197,94,橋本,誠,ハシモト,マコト,父,090-0002-0078,みどり食品,東京都サンプル区勤務先6-1-2,03-2000-0078,2
198,95,林,奈々,ハヤシ,ナナ,母,090-0001-0079,つばめ銀行,東京都サンプル区勤務先3-3-1,03-1000-0079,1
199,95,林,亮,ハヤシ,リョウ,父,090-0002-0079,架空システム,東京都サンプル区勤務先7-2-2,03-2000-0079,2
200,96,藤井,美穂,フジイ,ミホ,母,090-0001-0080,サンプル商事,東京都サンプル区勤務先4-4-1,03-1000-0080,1
201,96,藤井,健一,フジイ,ケンイチ,父,090-0002-0080,北町クリニック,東京都サンプル区勤務先3-3-2,03-2000-0080,2
202,97,松本,真由美,マツモト,マユミ,母,090-0001-0081,青空デザイン,東京都サンプル区勤務先5-5-1,03-1000-0081,1
203,97,松本,直樹,マツモト,ナオキ,父,090-0002-0081,さくら物流,東京都サンプル区勤務先4-4-2,03-2000-0081,2
204,97,松本,洋子,マツモト,ヨウコ,祖母,090-0003-0081,,,,3
205,98,三浦,彩,ミウラ,アヤ,母,090-0001-0082,みどり食品,東京都サンプル区勤務先6-6-1,03-1000-0082,1
206,98,三浦,学,ミウラ,マナブ,父,090-0002-0082,若葉建設,東京都サンプル区勤務先5-5-2,03-2000-0082,2
207,99,森,奈々,モリ,ナナ,母,090-0001-0083,架空システム,東京都サンプル区勤務先7-7-1,03-1000-0083,1
208,99,森,大輔,モリ,ダイスケ,父,090-0002-0083,ひかり薬局,東京都サンプル区勤務先6-6-2,03-2000-0083,2
209,100,山口,美穂,ヤマグチ,ミホ,母,090-0001-0084,北町クリニック,東京都サンプル区勤務先1-8-1,03-1000-0084,1
210,100,山口,拓也,ヤマグチ,タクヤ,父,090-0002-0084,東都サービス,東京都サンプル区勤務先7-7-2,03-2000-0084,2
