ID,表示名,メールアドレス,電話番号,住所,勤務先,勤務先住所,勤務先電話番号,家庭ID,家庭名,状態
,青木 真由美,parent001-1@demo.open-hoikuict.example,090-0001-0001,東京都サンプル区架空町2-4-101,青空デザイン,東京都サンプル区勤務先2-2-1,03-1000-0001,,青木家,有効
,青木 直樹,parent001-2@demo.open-hoikuict.example,090-0002-0001,東京都サンプル区架空町2-4-101,さくら物流,東京都サンプル区勤務先4-2-2,03-2000-0001,,青木家,有効
,石井 彩,parent002-1@demo.open-hoikuict.example,090-0001-0002,東京都サンプル区若葉町3-7-102,みどり食品,東京都サンプル区勤務先3-3-1,03-1000-0002,,石井家,有効
,石井 学,parent002-2@demo.open-hoikuict.example,090-0002-0002,東京都サンプル区若葉町3-7-102,若葉建設,東京都サンプル区勤務先5-3-2,03-2000-0002,,石井家,有効
,井上 奈々,parent003-1@demo.open-hoikuict.example,090-0001-0003,東京都サンプル区青葉台4-10-103,架空システム,東京都サンプル区勤務先4-4-1,03-1000-0003,,井上家,有効
,井上 大輔,parent003-2@demo.open-hoikuict.example,090-0002-0003,東京都サンプル区青葉台4-10-103,ひかり薬局,東京都サンプル区勤務先6-4-2,03-2000-0003,,井上家,有効
,遠藤 美穂,parent004-1@demo.open-hoikuict.example,090-0001-0004,東京都サンプル区中央5-1-104,北町クリニック,東京都サンプル区勤務先5-5-1,03-1000-0004,,遠藤家,有効
,遠藤 拓也,parent004-2@demo.open-hoikuict.example,090-0002-0004,東京都サンプル区中央5-1-104,東都サービス,東京都サンプル区勤務先7-5-2,03-2000-0004,,遠藤家,有効
,岡田 真由美,parent005-1@demo.open-hoikuict.example,090-0001-0005,東京都サンプル区南町6-4-105,さくら物流,東京都サンプル区勤務先6-6-1,03-1000-0005,,岡田家,有効
,岡田 航,parent005-2@demo.open-hoikuict.example,090-0002-0005,東京都サンプル区南町6-4-105,つばめ銀行,東京都サンプル区勤務先3-6-2,03-2000-0005,,岡田家,有効
,小川 彩,parent006-1@demo.open-hoikuict.example,090-0001-0006,東京都サンプル区北町7-7-106,若葉建設,東京都サンプル区勤務先7-7-1,03-1000-0006,,小川家,有効
,小川 誠,parent006-2@demo.open-hoikuict.example,090-0002-0006,東京都サンプル区北町7-7-106,サンプル商事,東京都サンプル区勤務先4-7-2,03-2000-0006,,小川家,有効
,加藤 奈々,parent007-1@demo.open-hoikuict.example,090-0001-0007,東京都サンプル区架空町8-10-107,ひかり薬局,東京都サンプル区勤務先1-8-1,03-1000-0007,,加藤家,有効
,木村 美穂,parent008-1@demo.open-hoikuict.example,090-0001-0008,東京都サンプル区若葉町9-1-108,東都サービス,東京都サンプル区勤務先2-9-1,03-1000-0008,,木村家,有効
,木村 健一,parent008-2@demo.open-hoikuict.example,090-0002-0008,東京都サンプル区若葉町9-1-108,みどり食品,東京都サンプル区勤務先6-9-2,03-2000-0008,,木村家,有効
,小林 真由美,parent009-1@demo.open-hoikuict.example,090-0001-0009,東京都サンプル区青葉台1-4-109,つばめ銀行,東京都サンプル区勤務先3-10-1,03-1000-0009,,小林家,有効
,小林 直樹,parent009-2@demo.open-hoikuict.example,090-0002-0009,東京都サンプル区青葉台1-4-109,架空システム,東京都サンプル区勤務先7-10-2,03-2000-0009,,小林家,有効
,斎藤 彩,parent010-1@demo.open-hoikuict.example,090-0001-0010,東京都サンプル区中央2-7-110,サンプル商事,東京都サンプル区勤務先4-11-1,03-1000-0010,,斎藤家,有効
,斎藤 学,parent010-2@demo.open-hoikuict.example,090-0002-0010,東京都サンプル区中央2-7-110,北町クリニック,東京都サンプル区勤務先3-11-2,03-2000-0010,,斎藤家,有効
,佐々木 奈々,parent011-1@demo.open-hoikuict.example,090-0001-0011,東京都サンプル区南町3-10-111,青空デザイン,東京都サンプル区勤務先5-1-1,03-1000-0011,,佐々木家,有効
,佐々木 大輔,parent011-2@demo.open-hoikuict.example,090-0002-0011,東京都サンプル区南町3-10-111,さくら物流,東京都サンプル区勤務先4-12-2,03-2000-0011,,佐々木家,有効
,佐藤 美穂,parent012-1@demo.open-hoikuict.example,090-0001-0012,東京都サンプル区北町4-1-112,みどり食品,東京都サンプル区勤務先6-2-1,03-1000-0012,,佐藤家,有効
,佐藤 拓也,parent012-2@demo.open-hoikuict.example,090-0002-0012,東京都サンプル区北町4-1-112,若葉建設,東京都サンプル区勤務先5-13-2,03-2000-0012,,佐藤家,有効
,清水 真由美,parent013-1@demo.open-hoikuict.example,090-0001-0013,東京都サンプル区架空町5-4-113,架空システム,東京都サンプル区勤務先7-3-1,03-1000-0013,,清水家,有効
,清水 航,parent013-2@demo.open-hoikuict.example,090-0002-0013,東京都サンプル区架空町5-4-113,ひかり薬局,東京都サンプル区勤務先6-1-2,03-2000-0013,,清水家,有効
,鈴木 彩,parent014-1@demo.open-hoikuict.example,090-0001-0014,東京都サンプル区若葉町6-7-114,北町クリニック,東京都サンプル区勤務先1-4-1,03-1000-0014,,鈴木家,有効
,高橋 奈々,parent015-1@demo.open-hoikuict.example,090-0001-0015,東京都サンプル区青葉台7-10-115,さくら物流,東京都サンプル区勤務先2-5-1,03-1000-0015,,高橋家,有効
,高橋 亮,parent015-2@demo.open-hoikuict.example,090-0002-0015,東京都サンプル区青葉台7-10-115,つばめ銀行,東京都サンプル区勤務先3-3-2,03-2000-0015,,高橋家,有効
,田中 美穂,parent016-1@demo.open-hoikuict.example,090-0001-0016,東京都サンプル区中央8-1-116,若葉建設,東京都サンプル区勤務先3-6-1,03-1000-0016,,田中家,有効
,田中 健一,parent016-2@demo.open-hoikuict.example,090-0002-0016,東京都サンプル区中央8-1-116,サンプル商事,東京都サンプル区勤務先4-4-2,03-2000-0016,,田中家,有効
,中村 真由美,parent017-1@demo.open-hoikuict.example,090-0001-0017,東京都サンプル区南町9-4-117,ひかり薬局,東京都サンプル区勤務先4-7-1,03-1000-0017,,中村家,有効
,中村 直樹,parent017-2@demo.open-hoikuict.example,090-0002-0017,東京都サンプル区南町9-4-117,青空デザイン,東京都サンプル区勤務先5-5-2,03-2000-0017,,中村家,有効
,橋本 彩,parent018-1@demo.open-hoikuict.example,090-0001-0018,東京都サンプル区北町1-7-118,東都サービス,東京都サンプル区勤務先5-8-1,03-1000-0018,,橋本家,有効
,橋本 学,parent018-2@demo.open-hoikuict.example,090-0002-0018,東京都サンプル区北町1-7-118,みどり食品,東京都サンプル区勤務先6-6-2,03-2000-0018,,橋本家,有効
,林 奈々,parent019-1@demo.open-hoikuict.example,090-0001-0019,東京都サンプル区架空町2-10-119,つばめ銀行,東京都サンプル区勤務先6-9-1,03-1000-0019,,林家,有効
,林 大輔,parent019-2@demo.open-hoikuict.example,090-0002-0019,東京都サンプル区架空町2-10-119,架空システム,東京都サンプル区勤務先7-7-2,03-2000-0019,,林家,有効
,藤井 美穂,parent020-1@demo.open-hoikuict.example,090-0001-0020,東京都サンプル区若葉町3-1-120,サンプル商事,東京都サンプル区勤務先7-10-1,03-1000-0020,,藤井家,有効
,藤井 拓也,parent020-2@demo.open-hoikuict.example,090-0002-0020,東京都サンプル区若葉町3-1-120,北町クリニック,東京都サンプル区勤務先3-8-2,03-2000-0020,,藤井家,有効
,松本 真由美,parent021-1@demo.open-hoikuict.example,090-0001-0021,東京都サンプル区青葉台4-4-121,青空デザイン,東京都サンプル区勤務先1-11-1,03-1000-0021,,松本家,有効
,三浦 彩,parent022-1@demo.open-hoikuict.example,090-0001-0022,東京都サンプル区中央5-7-122,みどり食品,東京都サンプル区勤務先2-1-1,03-1000-0022,,三浦家,有効
,三浦 誠,parent022-2@demo.open-hoikuict.example,090-0002-0022,東京都サンプル区中央5-7-122,若葉建設,東京都サンプル区勤務先5-10-2,03-2000-0022,,三浦家,有効
,森 奈々,parent023-1@demo.open-hoikuict.example,090-0001-0023,東京都サンプル区南町6-10-123,架空システム,東京都サンプル区勤務先3-2-1,03-1000-0023,,森家,有効
,森 亮,parent023-2@demo.open-hoikuict.example,090-0002-0023,東京都サンプル区南町6-10-123,ひかり薬局,東京都サンプル区勤務先6-11-2,03-2000-0023,,森家,有効
,山口 美穂,parent024-1@demo.open-hoikuict.example,090-0001-0024,東京都サンプル区北町7-1-124,北町クリニック,東京都サンプル区勤務先4-3-1,03-1000-0024,,山口家,有効
,山口 健一,parent024-2@demo.open-hoikuict.example,090-0002-0024,東京都サンプル区北町7-1-124,東都サービス,東京都サンプル区勤務先7-12-2,03-2000-0024,,山口家,有効
,山田 真由美,parent025-1@demo.open-hoikuict.example,090-0001-0025,東京都サンプル区架空町8-4-125,さくら物流,東京都サンプル区勤務先5-4-1,03-1000-0025,,山田家,有効
,山田 直樹,parent025-2@demo.open-hoikuict.example,090-0002-0025,東京都サンプル区架空町8-4-125,つばめ銀行,東京都サンプル区勤務先3-13-2,03-2000-0025,,山田家,有効
,吉田 彩,parent026-1@demo.open-hoikuict.example,090-0001-0026,東京都サンプル区若葉町9-7-126,若葉建設,東京都サンプル区勤務先6-5-1,03-1000-0026,,吉田家,有効
,吉田 学,parent026-2@demo.open-hoikuict.example,090-0002-0026,東京都サンプル区若葉町9-7-126,サンプル商事,東京都サンプル区勤務先4-1-2,03-2000-0026,,吉田家,有効
,渡辺 奈々,parent027-1@demo.open-hoikuict.example,090-0001-0027,東京都サンプル区青葉台1-10-127,ひかり薬局,東京都サンプル区勤務先7-6-1,03-1000-0027,,渡辺家,有効
,渡辺 大輔,parent027-2@demo.open-hoikuict.example,090-0002-0027,東京都サンプル区青葉台1-10-127,青空デザイン,東京都サンプル区勤務先5-2-2,03-2000-0027,,渡辺家,有効
,長谷川 美穂,parent028-1@demo.open-hoikuict.example,090-0001-0028,東京都サンプル区中央2-1-128,東都サービス,東京都サンプル区勤務先1-7-1,03-1000-0028,,長谷川家,有効
,近藤 真由美,parent029-1@demo.open-hoikuict.example,090-0001-0029,東京都サンプル区南町3-4-129,つばめ銀行,東京都サンプル区勤務先2-8-1,03-1000-0029,,近藤家,有効
,近藤 航,parent029-2@demo.open-hoikuict.example,090-0002-0029,東京都サンプル区南町3-4-129,架空システム,東京都サンプル区勤務先7-4-2,03-2000-0029,,近藤家,有効
,村上 彩,parent030-1@demo.open-hoikuict.example,090-0001-0030,東京都サンプル区北町4-7-130,サンプル商事,東京都サンプル区勤務先3-9-1,03-1000-0030,,村上家,有効
,村上 誠,parent030-2@demo.open-hoikuict.example,090-0002-0030,東京都サンプル区北町4-7-130,北町クリニック,東京都サンプル区勤務先3-5-2,03-2000-0030,,村上家,有効
,青木 奈々,parent031-1@demo.open-hoikuict.example,090-0001-0031,東京都サンプル区架空町5-10-131,青空デザイン,東京都サンプル区勤務先4-10-1,03-1000-0031,,青木家,有効
,青木 亮,parent031-2@demo.open-hoikuict.example,090-0002-0031,東京都サンプル区架空町5-10-131,さくら物流,東京都サンプル区勤務先4-6-2,03-2000-0031,,青木家,有効
,石井 美穂,parent032-1@demo.open-hoikuict.example,090-0001-0032,東京都サンプル区若葉町6-1-132,みどり食品,東京都サンプル区勤務先5-11-1,03-1000-0032,,石井家,有効
,石井 健一,parent032-2@demo.open-hoikuict.example,090-0002-0032,東京都サンプル区若葉町6-1-132,若葉建設,東京都サンプル区勤務先5-7-2,03-2000-0032,,石井家,有効
,井上 真由美,parent033-1@demo.open-hoikuict.example,090-0001-0033,東京都サンプル区青葉台7-4-133,架空システム,東京都サンプル区勤務先6-1-1,03-1000-0033,,井上家,有効
,井上 直樹,parent033-2@demo.open-hoikuict.example,090-0002-0033,東京都サンプル区青葉台7-4-133,ひかり薬局,東京都サンプル区勤務先6-8-2,03-2000-0033,,井上家,有効
,遠藤 彩,parent034-1@demo.open-hoikuict.example,090-0001-0034,東京都サンプル区中央8-7-134,北町クリニック,東京都サンプル区勤務先7-2-1,03-1000-0034,,遠藤家,有効
,遠藤 学,parent034-2@demo.open-hoikuict.example,090-0002-0034,東京都サンプル区中央8-7-134,東都サービス,東京都サンプル区勤務先7-9-2,03-2000-0034,,遠藤家,有効
,岡田 奈々,parent035-1@demo.open-hoikuict.example,090-0001-0035,東京都サンプル区南町9-10-135,さくら物流,東京都サンプル区勤務先1-3-1,03-1000-0035,,岡田家,有効
,小川 美穂,parent036-1@demo.open-hoikuict.example,090-0001-0036,東京都サンプル区北町1-1-136,若葉建設,東京都サンプル区勤務先2-4-1,03-1000-0036,,小川家,有効
,小川 拓也,parent036-2@demo.open-hoikuict.example,090-0002-0036,東京都サンプル区北町1-1-136,サンプル商事,東京都サンプル区勤務先4-11-2,03-2000-0036,,小川家,有効
,加藤 真由美,parent037-1@demo.open-hoikuict.example,090-0001-0037,東京都サンプル区架空町2-4-137,ひかり薬局,東京都サンプル区勤務先3-5-1,03-1000-0037,,加藤家,有効
,加藤 航,parent037-2@demo.open-hoikuict.example,090-0002-0037,東京都サンプル区架空町2-4-137,青空デザイン,東京都サンプル区勤務先5-12-2,03-2000-0037,,加藤家,有効
,木村 彩,parent038-1@demo.open-hoikuict.example,090-0001-0038,東京都サンプル区若葉町3-7-138,東都サービス,東京都サンプル区勤務先4-6-1,03-1000-0038,,木村家,有効
,木村 誠,parent038-2@demo.open-hoikuict.example,090-0002-0038,東京都サンプル区若葉町3-7-138,みどり食品,東京都サンプル区勤務先6-13-2,03-2000-0038,,木村家,有効
,小林 奈々,parent039-1@demo.open-hoikuict.example,090-0001-0039,東京都サンプル区青葉台4-10-139,つばめ銀行,東京都サンプル区勤務先5-7-1,03-1000-0039,,小林家,有効
,小林 亮,parent039-2@demo.open-hoikuict.example,090-0002-0039,東京都サンプル区青葉台4-10-139,架空システム,東京都サンプル区勤務先7-1-2,03-2000-0039,,小林家,有効
,斎藤 美穂,parent040-1@demo.open-hoikuict.example,090-0001-0040,東京都サンプル区中央5-1-140,サンプル商事,東京都サンプル区勤務先6-8-1,03-1000-0040,,斎藤家,有効
,斎藤 健一,parent040-2@demo.open-hoikuict.example,090-0002-0040,東京都サンプル区中央5-1-140,北町クリニック,東京都サンプル区勤務先3-2-2,03-2000-0040,,斎藤家,有効
,佐々木 真由美,parent041-1@demo.open-hoikuict.example,090-0001-0041,東京都サンプル区南町6-4-141,青空デザイン,東京都サンプル区勤務先7-9-1,03-1000-0041,,佐々木家,有効
,佐々木 直樹,parent041-2@demo.open-hoikuict.example,090-0002-0041,東京都サンプル区南町6-4-141,さくら物流,東京都サンプル区勤務先4-3-2,03-2000-0041,,佐々木家,停止中
,佐藤 彩,parent042-1@demo.open-hoikuict.example,090-0001-0042,東京都サンプル区北町7-7-142,みどり食品,東京都サンプル区勤務先1-10-1,03-1000-0042,,佐藤家,有効
,清水 奈々,parent043-1@demo.open-hoikuict.example,090-0001-0043,東京都サンプル区架空町8-10-143,架空システム,東京都サンプル区勤務先2-11-1,03-1000-0043,,清水家,有効
,清水 大輔,parent043-2@demo.open-hoikuict.example,090-0002-0043,東京都サンプル区架空町8-10-143,ひかり薬局,東京都サンプル区勤務先6-5-2,03-2000-0043,,清水家,有効
,鈴木 美穂,parent044-1@demo.open-hoikuict.example,090-0001-0044,東京都サンプル区若葉町9-1-144,北町クリニック,東京都サンプル区勤務先3-1-1,03-1000-0044,,鈴木家,有効
,鈴木 拓也,parent044-2@demo.open-hoikuict.example,090-0002-0044,東京都サンプル区若葉町9-1-144,東都サービス,東京都サンプル区勤務先7-6-2,03-2000-0044,,鈴木家,有効
,高橋 真由美,parent045-1@demo.open-hoikuict.example,090-0001-0045,東京都サンプル区青葉台1-4-145,さくら物流,東京都サンプル区勤務先4-2-1,03-1000-0045,,高橋家,有効
,高橋 航,parent045-2@demo.open-hoikuict.example,090-0002-0045,東京都サンプル区青葉台1-4-145,つばめ銀行,東京都サンプル区勤務先3-7-2,03-2000-0045,,高橋家,有効
,田中 彩,parent046-1@demo.open-hoikuict.example,090-0001-0046,東京都サンプル区中央2-7-146,若葉建設,東京都サンプル区勤務先5-3-1,03-1000-0046,,田中家,有効
,田中 誠,parent046-2@demo.open-hoikuict.example,090-0002-0046,東京都サンプル区中央2-7-146,サンプル商事,東京都サンプル区勤務先4-8-2,03-2000-0046,,田中家,有効
,中村 奈々,parent047-1@demo.open-hoikuict.example,090-0001-0047,東京都サンプル区南町3-10-147,ひかり薬局,東京都サンプル区勤務先6-4-1,03-1000-0047,,中村家,有効
,中村 亮,parent047-2@demo.open-hoikuict.example,090-0002-0047,東京都サンプル区南町3-10-147,青空デザイン,東京都サンプル区勤務先5-9-2,03-2000-0047,,中村家,有効
,橋本 美穂,parent048-1@demo.open-hoikuict.example,090-0001-0048,東京都サンプル区北町4-1-148,東都サービス,東京都サンプル区勤務先7-5-1,03-1000-0048,,橋本家,有効
,橋本 健一,parent048-2@demo.open-hoikuict.example,090-0002-0048,東京都サンプル区北町4-1-148,みどり食品,東京都サンプル区勤務先6-10-2,03-2000-0048,,橋本家,有効
,林 真由美,parent049-1@demo.open-hoikuict.example,090-0001-0049,東京都サンプル区架空町5-4-149,つばめ銀行,東京都サンプル区勤務先1-6-1,03-1000-0049,,林家,有効
,藤井 彩,parent050-1@demo.open-hoikuict.example,090-0001-0050,東京都サンプル区若葉町6-7-150,サンプル商事,東京都サンプル区勤務先2-7-1,03-1000-0050,,藤井家,有効
,藤井 学,parent050-2@demo.open-hoikuict.example,090-0002-0050,東京都サンプル区若葉町6-7-150,北町クリニック,東京都サンプル区勤務先3-12-2,03-2000-0050,,藤井家,有効
,松本 奈々,parent051-1@demo.open-hoikuict.example,090-0001-0051,東京都サンプル区青葉台7-10-151,青空デザイン,東京都サンプル区勤務先3-8-1,03-1000-0051,,松本家,有効
,松本 大輔,parent051-2@demo.open-hoikuict.example,090-0002-0051,東京都サンプル区青葉台7-10-151,さくら物流,東京都サンプル区勤務先4-13-2,03-2000-0051,,松本家,有効
,三浦 美穂,parent052-1@demo.open-hoikuict.example,090-0001-0052,東京都サンプル区中央8-1-152,みどり食品,東京都サンプル区勤務先4-9-1,03-1000-0052,,三浦家,有効
,三浦 拓也,parent052-2@demo.open-hoikuict.example,090-0002-0052,東京都サンプル区中央8-1-152,若葉建設,東京都サンプル区勤務先5-1-2,03-2000-0052,,三浦家,有効
,森 真由美,parent053-1@demo.open-hoikuict.example,090-0001-0053,東京都サンプル区南町9-4-153,架空システム,東京都サンプル区勤務先5-10-1,03-1000-0053,,森家,有効
,森 航,parent053-2@demo.open-hoikuict.example,090-0002-0053,東京都サンプル区南町9-4-153,ひかり薬局,東京都サンプル区勤務先6-2-2,03-2000-0053,,森家,有効
,山口 彩,parent054-1@demo.open-hoikuict.example,090-0001-0054,東京都サンプル区北町1-7-154,北町クリニック,東京都サンプル区勤務先6-11-1,03-1000-0054,,山口家,有効
,山口 誠,parent054-2@demo.open-hoikuict.example,090-0002-0054,東京都サンプル区北町1-7-154,東都サービス,東京都サンプル区勤務先7-3-2,03-2000-0054,,山口家,有効
,山田 奈々,parent055-1@demo.open-hoikuict.example,090-0001-0055,東京都サンプル区架空町2-10-155,さくら物流,東京都サンプル区勤務先7-1-1,03-1000-0055,,山田家,有効
,山田 亮,parent055-2@demo.open-hoikuict.example,090-0002-0055,東京都サンプル区架空町2-10-155,つばめ銀行,東京都サンプル区勤務先3-4-2,03-2000-0055,,山田家,有効
,吉田 美穂,parent056-1@demo.open-hoikuict.example,090-0001-0056,東京都サンプル区若葉町3-1-156,若葉建設,東京都サンプル区勤務先1-2-1,03-1000-0056,,吉田家,有効
,渡辺 真由美,parent057-1@demo.open-hoikuict.example,090-0001-0057,東京都サンプル区青葉台4-4-157,ひかり薬局,東京都サンプル区勤務先2-3-1,03-1000-0057,,渡辺家,有効
,渡辺 直樹,parent057-2@demo.open-hoikuict.example,090-0002-0057,東京都サンプル区青葉台4-4-157,青空デザイン,東京都サンプル区勤務先5-6-2,03-2000-0057,,渡辺家,有効
,長谷川 彩,parent058-1@demo.open-hoikuict.example,090-0001-0058,東京都サンプル区中央5-7-158,東都サービス,東京都サンプル区勤務先3-4-1,03-1000-0058,,長谷川家,有効
,長谷川 学,parent058-2@demo.open-hoikuict.example,090-0002-0058,東京都サンプル区中央5-7-158,みどり食品,東京都サンプル区勤務先6-7-2,03-2000-0058,,長谷川家,有効
,近藤 奈々,parent059-1@demo.open-hoikuict.example,090-0001-0059,東京都サンプル区南町6-10-159,つばめ銀行,東京都サンプル区勤務先4-5-1,03-1000-0059,,近藤家,有効
,近藤 大輔,parent059-2@demo.open-hoikuict.example,090-0002-0059,東京都サンプル区南町6-10-159,架空システム,東京都サンプル区勤務先7-8-2,03-2000-0059,,近藤家,有効
,村上 美穂,parent060-1@demo.open-hoikuict.example,090-0001-0060,東京都サンプル区北町7-1-160,サンプル商事,東京都サンプル区勤務先5-6-1,03-1000-0060,,村上家,有効
,村上 拓也,parent060-2@demo.open-hoikuict.example,090-0002-0060,東京都サンプル区北町7-1-160,北町クリニック,東京都サンプル区勤務先3-9-2,03-2000-0060,,村上家,有効
,青木 真由美,parent061-1@demo.open-hoikuict.example,090-0001-0061,東京都サンプル区架空町8-4-161,青空デザイン,東京都サンプル区勤務先6-7-1,03-1000-0061,,青木家,有効
,青木 航,parent061-2@demo.open-hoikuict.example,090-0002-0061,東京都サンプル区架空町8-4-161,さくら物流,東京都サンプル区勤務先4-10-2,03-2000-0061,,青木家,有効
,石井 彩,parent062-1@demo.open-hoikuict.example,090-0001-0062,東京都サンプル区若葉町9-7-162,みどり食品,東京都サンプル区勤務先7-8-1,03-1000-0062,,石井家,有効
,石井 誠,parent062-2@demo.open-hoikuict.example,090-0002-0062,東京都サンプル区若葉町9-7-162,若葉建設,東京都サンプル区勤務先5-11-2,03-2000-0062,,石井家,有効
,井上 奈々,parent063-1@demo.open-hoikuict.example,090-0001-0063,東京都サンプル区青葉台1-10-163,架空システム,東京都サンプル区勤務先1-9-1,03-1000-0063,,井上家,有効
,遠藤 美穂,parent064-1@demo.open-hoikuict.example,090-0001-0064,東京都サンプル区中央2-1-164,北町クリニック,東京都サンプル区勤務先2-10-1,03-1000-0064,,遠藤家,有効
,遠藤 健一,parent064-2@demo.open-hoikuict.example,090-0002-0064,東京都サンプル区中央2-1-164,東都サービス,東京都サンプル区勤務先7-13-2,03-2000-0064,,遠藤家,有効
,岡田 真由美,parent065-1@demo.open-hoikuict.example,090-0001-0065,東京都サンプル区南町3-4-165,さくら物流,東京都サンプル区勤務先3-11-1,03-1000-0065,,岡田家,有効
,岡田 直樹,parent065-2@demo.open-hoikuict.example,090-0002-0065,東京都サンプル区南町3-4-165,つばめ銀行,東京都サンプル区勤務先3-1-2,03-2000-0065,,岡田家,有効
,小川 彩,parent066-1@demo.open-hoikuict.example,090-0001-0066,東京都サンプル区北町4-7-166,若葉建設,東京都サンプル区勤務先4-1-1,03-1000-0066,,小川家,有効
,小川 学,parent066-2@demo.open-hoikuict.example,090-0002-0066,東京都サンプル区北町4-7-166,サンプル商事,東京都サンプル区勤務先4-2-2,03-2000-0066,,小川家,有効
,加藤 奈々,parent067-1@demo.open-hoikuict.example,090-0001-0067,東京都サンプル区架空町5-10-167,ひかり薬局,東京都サンプル区勤務先5-2-1,03-1000-0067,,加藤家,有効
,加藤 大輔,parent067-2@demo.open-hoikuict.example,090-0002-0067,東京都サンプル区架空町5-10-167,青空デザイン,東京都サンプル区勤務先5-3-2,03-2000-0067,,加藤家,有効
,木村 美穂,parent068-1@demo.open-hoikuict.example,090-0001-0068,東京都サンプル区若葉町6-1-168,東都サービス,東京都サンプル区勤務先6-3-1,03-1000-0068,,木村家,有効
,木村 拓也,parent068-2@demo.open-hoikuict.example,090-0002-0068,東京都サンプル区若葉町6-1-168,みどり食品,東京都サンプル区勤務先6-4-2,03-2000-0068,,木村家,有効
,小林 真由美,parent069-1@demo.open-hoikuict.example,090-0001-0069,東京都サンプル区青葉台7-4-169,つばめ銀行,東京都サンプル区勤務先7-4-1,03-1000-0069,,小林家,有効
,小林 航,parent069-2@demo.open-hoikuict.example,090-0002-0069,東京都サンプル区青葉台7-4-169,架空システム,東京都サンプル区勤務先7-5-2,03-2000-0069,,小林家,有効
,斎藤 彩,parent070-1@demo.open-hoikuict.example,090-0001-0070,東京都サンプル区中央8-7-170,サンプル商事,東京都サンプル区勤務先1-5-1,03-1000-0070,,斎藤家,有効
,佐々木 奈々,parent071-1@demo.open-hoikuict.example,090-0001-0071,東京都サンプル区南町9-10-171,青空デザイン,東京都サンプル区勤務先2-6-1,03-1000-0071,,佐々木家,有効
,佐々木 亮,parent071-2@demo.open-hoikuict.example,090-0002-0071,東京都サンプル区南町9-10-171,さくら物流,東京都サンプル区勤務先4-7-2,03-2000-0071,,佐々木家,有効
,佐藤 美穂,parent072-1@demo.open-hoikuict.example,090-0001-0072,東京都サンプル区北町1-1-172,みどり食品,東京都サンプル区勤務先3-7-1,03-1000-0072,,佐藤家,有効
,佐藤 健一,parent072-2@demo.open-hoikuict.example,090-0002-0072,東京都サンプル区北町1-1-172,若葉建設,東京都サンプル区勤務先5-8-2,03-2000-0072,,佐藤家,有効
,清水 真由美,parent073-1@demo.open-hoikuict.example,090-0001-0073,東京都サンプル区架空町2-4-173,架空システム,東京都サンプル区勤務先4-8-1,03-1000-0073,,清水家,有効
,清水 直樹,parent073-2@demo.open-hoikuict.example,090-0002-0073,東京都サンプル区架空町2-4-173,ひかり薬局,東京都サンプル区勤務先6-9-2,03-2000-0073,,清水家,有効
,鈴木 彩,parent074-1@demo.open-hoikuict.example,090-0001-0074,東京都サンプル区若葉町3-7-174,北町クリニック,東京都サンプル区勤務先5-9-1,03-1000-0074,,鈴木家,有効
,鈴木 学,parent074-2@demo.open-hoikuict.example,090-0002-0074,東京都サンプル区若葉町3-7-174,東都サービス,東京都サンプル区勤務先7-10-2,03-2000-0074,,鈴木家,有効
,高橋 奈々,parent075-1@demo.open-hoikuict.example,090-0001-0075,東京都サンプル区青葉台4-10-175,さくら物流,東京都サンプル区勤務先6-10-1,03-1000-0075,,高橋家,有効
,高橋 大輔,parent075-2@demo.open-hoikuict.example,090-0002-0075,東京都サンプル区青葉台4-10-175,つばめ銀行,東京都サンプル区勤務先3-11-2,03-2000-0075,,高橋家,有効
,田中 美穂,parent076-1@demo.open-hoikuict.example,090-0001-0076,東京都サンプル区中央5-1-176,若葉建設,東京都サンプル区勤務先7-11-1,03-1000-0076,,田中家,有効
,田中 拓也,parent076-2@demo.open-hoikuict.example,090-0002-0076,東京都サンプル区中央5-1-176,サンプル商事,東京都サンプル区勤務先4-12-2,03-2000-0076,,田中家,有効
,中村 真由美,parent077-1@demo.open-hoikuict.example,090-0001-0077,東京都サンプル区南町6-4-177,ひかり薬局,東京都サンプル区勤務先1-1-1,03-1000-0077,,中村家,有効
,橋本 彩,parent078-1@demo.open-hoikuict.example,090-0001-0078,東京都サンプル区北町7-7-178,東都サービス,東京都サンプル区勤務先2-2-1,03-1000-0078,,橋本家,有効
,橋本 誠,parent078-2@demo.open-hoikuict.example,090-0002-0078,東京都サンプル区北町7-7-178,みどり食品,東京都サンプル区勤務先6-1-2,03-2000-0078,,橋本家,有効
,林 奈々,parent079-1@demo.open-hoikuict.example,090-0001-0079,東京都サンプル区架空町8-10-179,つばめ銀行,東京都サンプル区勤務先3-3-1,03-1000-0079,,林家,有効
,林 亮,parent079-2@demo.open-hoikuict.example,090-0002-0079,東京都サンプル区架空町8-10-179,架空システム,東京都サンプル区勤務先7-2-2,03-2000-0079,,林家,有効
,藤井 美穂,parent080-1@demo.open-hoikuict.example,090-0001-0080,東京都サンプル区若葉町9-1-180,サンプル商事,東京都サンプル区勤務先4-4-1,03-1000-0080,,藤井家,有効
,藤井 健一,parent080-2@demo.open-hoikuict.example,090-0002-0080,東京都サンプル区若葉町9-1-180,北町クリニック,東京都サンプル区勤務先3-3-2,03-2000-0080,,藤井家,有効
,松本 真由美,parent081-1@demo.open-hoikuict.example,090-0001-0081,東京都サンプル区青葉台1-4-181,青空デザイン,東京都サンプル区勤務先5-5-1,03-1000-0081,,松本家,有効
,松本 直樹,parent081-2@demo.open-hoikuict.example,090-0002-0081,東京都サンプル区青葉台1-4-181,さくら物流,東京都サンプル区勤務先4-4-2,03-2000-0081,,松本家,有効
,三浦 彩,parent082-1@demo.open-hoikuict.example,090-0001-0082,東京都サンプル区中央2-7-182,みどり食品,東京都サンプル区勤務先6-6-1,03-1000-0082,,三浦家,有効
,三浦 学,parent082-2@demo.open-hoikuict.example,090-0002-0082,東京都サンプル区中央2-7-182,若葉建設,東京都サンプル区勤務先5-5-2,03-2000-0082,,三浦家,停止中
,森 奈々,parent083-1@demo.open-hoikuict.example,090-0001-0083,東京都サンプル区南町3-10-183,架空システム,東京都サンプル区勤務先7-7-1,03-1000-0083,,森家,有効
,森 大輔,parent083-2@demo.open-hoikuict.example,090-0002-0083,東京都サンプル区南町3-10-183,ひかり薬局,東京都サンプル区勤務先6-6-2,03-2000-0083,,森家,有効
,山口 美穂,parent084-1@demo.open-hoikuict.example,090-0001-0084,東京都サンプル区北町4-1-184,北町クリニック,東京都サンプル区勤務先1-8-1,03-1000-0084,,山口家,有効
